{
  "clans": [
    {
      "name": "MacDonald",
      "gaelic_name": "MacDhòmhnaill",
      "motto": "Per mare per terras (By sea and by land)",
      "territory": "Hebrides, Highlands",
      "tartan": "Red field with green and blue stripes, crossed with thin white and yellow lines",
      "history": "The MacDonalds are one of the largest and most famous Highland clans, claiming descent from Somerled, Lord of the Isles. They once ruled vast territories in the Western Highlands and Islands, earning the title 'Lords of the Isles'. The clan played crucial roles in Scottish history, from supporting Robert the Bruce to the Jacobite uprisings.",
      "famous_members": [
        "Flora MacDonald (helped Bonnie Prince Charlie escape)",
        "John MacDonald, 1st Lord of the Isles",
        "Alexander MacDonald, poet"
      ],
      "traditional_recipe": "Cullen Skink - Smoked haddock soup with potatoes and onions, a warming dish from the coastal regions",
      "badge": "Heather",
      "seat": "Armadale Castle, Skye"
    },
    {
      "name": "Campbell",
      "gaelic_name": "Caimbeul",
      "motto": "Ne obliviscaris (Do not forget)",
      "territory": "Argyll, Western Highlands",
      "tartan": "Dark blue field with green stripes, crossed with thin black and white lines",
      "history": "The Campbells rose to become one of the most powerful Highland clans, often serving as agents of the Scottish crown. Based in Argyll, they expanded their influence through strategic marriages and royal favor. The clan is infamous for the Massacre of Glencoe in 1692, where they led government forces against the MacDonalds.",
      "famous_members": [
        "Archibald Campbell, 1st Marquess of Argyll",
        "Colin Campbell, 1st Earl of Argyll",
        "Sir Colin Campbell of Glenorchy"
      ],
      "traditional_recipe": "Stovies - Potato dish with onions and leftover meat, cooked slowly in one pot",
      "badge": "Wild Myrtle",
      "seat": "Inveraray Castle"
    },
    {
      "name": "Stewart",
      "gaelic_name": "Stiùbhart",
      "motto": "Virescit vulnere virtus (Courage grows strong at a wound)",
      "territory": "Throughout Scotland",
      "tartan": "Red field with green, blue and white stripes in various patterns",
      "history": "The Royal House of Stewart ruled Scotland for over 300 years and later the United Kingdom. Originating as hereditary stewards to the kings of Scotland, they rose to the throne through marriage. The clan includes many branches throughout Scotland, all claiming descent from the royal line.",
      "famous_members": [
        "Mary Queen of Scots",
        "James VI & I",
        "Bonnie Prince Charlie",
        "Robert Stewart, Duke of Albany"
      ],
      "traditional_recipe": "Cock-a-leekie Soup - Chicken and leek soup with prunes, traditionally served at royal occasions",
      "badge": "Oak",
      "seat": "Palace of Holyroodhouse"
    },
    {
      "name": "MacLeod",
      "gaelic_name": "MacLeòid",
      "motto": "Hold fast",
      "territory": "Skye, Harris, Lewis",
      "tartan": "Yellow field with black stripes and red accents",
      "history": "The MacLeods are one of the principal clans of the Isle of Skye and the Outer Hebrides. They claim Norse ancestry and have held lands in the Hebrides for over 700 years. The clan is divided into two main branches: MacLeods of Dunvegan (Skye) and MacLeods of Lewis, both with rich maritime traditions.",
      "famous_members": [
        "Ruairi Mor MacLeod",
        "Dame Flora MacLeod",
        "Alasdair Crotach MacLeod"
      ],
      "traditional_recipe": "Hebridean Fish Stew - Fresh fish with tatties and neeps, seasoned with sea salt and herbs",
      "badge": "Juniper",
      "seat": "Dunvegan Castle"
    },
    {
      "name": "Fraser",
      "gaelic_name": "Friseal",
      "motto": "Je suis prest (I am ready)",
      "territory": "Inverness-shire, Aberdeenshire",
      "tartan": "Red field with green and blue stripes, distinctive white line pattern",
      "history": "The Frasers are a Highland clan with both Norman and Gaelic roots. They established themselves in the Scottish Highlands and became powerful landowners. The clan fought at Culloden in 1746 under Simon Fraser, and their war cry 'Caisteal Dhuni' echoed across many battlefields.",
      "famous_members": [
        "Simon Fraser, 11th Lord Lovat",
        "Simon Fraser (explorer)",
        "James Fraser of Castle Leathers"
      ],
      "traditional_recipe": "Venison Collops - Thin slices of venison cooked with oatmeal and wild herbs",
      "badge": "Yew",
      "seat": "Castle Dounie"
    },
    {
      "name": "Gordon",
      "gaelic_name": "Gòrdan",
      "motto": "Bydand (Remaining/Steadfast)",
      "territory": "Aberdeenshire, Banffshire",
      "tartan": "Dark green field with navy blue and black stripes, yellow accents",
      "history": "The Gordons became one of the most powerful families in the north-east of Scotland. They were granted extensive lands in Aberdeenshire and became Earls of Huntly. The clan played significant roles in Scottish politics and military affairs, often serving as the king's representatives in the north.",
      "famous_members": [
        "George Gordon, 1st Marquess of Huntly",
        "Lord Byron (George Gordon)",
        "Alexander Gordon, 4th Duke of Gordon"
      ],
      "traditional_recipe": "Aberdeen Angus Beef Stew - Slow-cooked beef with root vegetables and barley",
      "badge": "Rock Ivy",
      "seat": "Huntly Castle"
    },
    {
      "name": "Murray",
      "gaelic_name": "Moireach",
      "motto": "Tout prest (Quite ready)",
      "territory": "Perthshire, Atholl",
      "tartan": "Blue field with green stripes and red accents",
      "history": "The Murrays of Atholl became one of the most influential Highland clans, with their seat at Blair Castle. They played crucial roles in Scottish history, from the Wars of Independence to the Jacobite period. The clan motto reflects their readiness for battle and service to Scotland.",
      "famous_members": [
        "John Murray, 1st Duke of Atholl",
        "Lord George Murray (Jacobite general)",
        "James Murray, 2nd Duke of Atholl"
      ],
      "traditional_recipe": "Atholl Brose - Traditional drink made with whisky, honey, oatmeal and cream",
      "badge": "Butcher's Broom",
      "seat": "Blair Castle"
    },
    {
      "name": "Cameron",
      "gaelic_name": "Camshron",
      "motto": "Mo dhachaidh (My homeland)",
      "territory": "Lochaber, Western Highlands",
      "tartan": "Red, green and blue stripes with yellow accents",
      "history": "The Camerons are a West Highland clan known for their fierce independence and warrior tradition. Based in Lochaber, they were among the most loyal supporters of the Jacobite cause. The clan's history is filled with tales of bravery, feuds, and unwavering loyalty to their chiefs.",
      "famous_members": [
        "Sir Ewen Cameron of Lochiel",
        "Donald Cameron 'Gentle Lochiel'",
        "Jenny Cameron"
      ],
      "traditional_recipe": "Highland Bannocks - Oatcakes cooked on a griddle, perfect with heather honey",
      "badge": "Crowberry",
      "seat": "Achnacarry Castle"
    },
    {
      "name": "Ross",
      "gaelic_name": "Ros",
      "motto": "Spem successus alit (Success nourishes hope)",
      "territory": "Ross-shire, Northern Highlands",
      "tartan": "Red field with green and blue checks",
      "history": "The Rosses were powerful in the northern Highlands, with their stronghold at Balnagowan Castle. They claim descent from Fearchar Mac an t-Sagairt, Earl of Ross. The clan controlled vast territories and played important roles in Highland politics and warfare.",
      "famous_members": [
        "William Ross, Earl of Ross",
        "Euphemia Ross, Queen of Scots",
        "David Ross of Balnagown"
      ],
      "traditional_recipe": "Finnan Haddie - Smoked haddock traditionally prepared in the coastal regions",
      "badge": "Juniper",
      "seat": "Balnagowan Castle"
    },
    {
      "name": "MacKenzie",
      "gaelic_name": "MacCoinnich",
      "motto": "Luceo non uro (I shine, not burn)",
      "territory": "Ross-shire, Western Highlands",
      "tartan": "Blue and green with red and black stripes",
      "history": "The MacKenzies rose from obscurity to become Earls of Seaforth and one of the most powerful Highland clans. They controlled vast territories in the north-west Highlands and were known for their military prowess and political acumen. The clan's fortune was often guided by the prophecies of the Brahan Seer.",
      "famous_members": [
        "Kenneth MacKenzie, 1st Lord MacKenzie",
        "The Brahan Seer",
        "George MacKenzie, 1st Earl of Cromartie"
      ],
      "traditional_recipe": "Crowdie - Fresh Highland cheese served with oatcakes and wild berries",
      "badge": "Deer's Grass",
      "seat": "Castle Leod"
    },
    {
      "name": "Armstrong",
      "gaelic_name": "Mac Gillearmaid",
      "motto": "Invictus maneo (I remain unvanquished)",
      "territory": "Border regions, Liddesdale",
      "tartan": "Blue field with green and red stripes",
      "history": "The Armstrongs were one of the most notorious Border Reiver families, controlling the Debatable Lands between Scotland and England. Known for their fierce independence and cattle raiding, they were feared by both Scottish and English authorities. Their stronghold was Gilnockie Tower in Liddesdale.",
      "famous_members": [
        "Johnnie Armstrong",
        "Kinmont Willie Armstrong",
        "Neil Armstrong (descendant)"
      ],
      "traditional_recipe": "Border Tart - Rich pastry filled with dried fruits and spices, perfect for long winter nights",
      "badge": "Common Heath",
      "seat": "Gilnockie Tower"
    },
    {
      "name": "Graham",
      "gaelic_name": "Greumach",
      "motto": "Ne oublie (Do not forget)",
      "territory": "Perthshire, Stirlingshire",
      "tartan": "Red and green with blue and white stripes",
      "history": "The Grahams trace their origins to William de Graham who came to Scotland in the 12th century. They became powerful in central Scotland and produced notable military leaders. The clan is forever linked to the heroic James Graham, 1st Marquess of Montrose.",
      "famous_members": [
        "James Graham, 1st Marquess of Montrose",
        "John Graham of Claverhouse",
        "Sir Robert Graham"
      ],
      "traditional_recipe": "Graham Griddle Cakes - Sweet oatcakes cooked on a hot griddle",
      "badge": "Laurel",
      "seat": "Mugdock Castle"
    },
    {
      "name": "Sinclair",
      "gaelic_name": "Clann na Ceardach",
      "motto": "Commit thy work to God",
      "territory": "Caithness, Orkney",
      "tartan": "Green field with blue and red stripes, white accents",
      "history": "The Sinclairs came to Scotland from Normandy and became Earls of Orkney and Caithness. They built the magnificent Rosslyn Chapel and were involved in the Knights Templar. The clan controlled vast northern territories and maintained strong Norse connections.",
      "famous_members": [
        "William Sinclair, Earl of Orkney",
        "Sir William Sinclair of Rosslyn",
        "Henry Sinclair, Earl of Orkney"
      ],
      "traditional_recipe": "Orkney Oatcakes - Thin, crispy oatcakes perfect with cheese and crowdie",
      "badge": "Furze",
      "seat": "Castle Sinclair Girnigoe"
    },
    {
      "name": "Bruce",
      "gaelic_name": "Brús",
      "motto": "Fuimus (We have been)",
      "territory": "Annandale, Clackmannanshire",
      "tartan": "Red field with green stripes and gold accents",
      "history": "The Bruces are forever associated with Robert the Bruce, King of Scots and hero of Scottish independence. The family came from Normandy and established themselves as powerful nobles. Their legacy is crowned by Robert I's victory at Bannockburn in 1314.",
      "famous_members": [
        "Robert the Bruce, King of Scots",
        "Edward Bruce, High King of Ireland",
        "Robert Bruce, 5th Lord of Annandale"
      ],
      "traditional_recipe": "King Robert's Bannocks - Hearty oat and barley cakes that sustained armies",
      "badge": "Rosemary",
      "seat": "Lochmaben Castle"
    },
    {
      "name": "Douglas",
      "gaelic_name": "Dubhghlas",
      "motto": "Jamais arrière (Never behind)",
      "territory": "Douglasdale, Borders",
      "tartan": "Dark green field with blue stripes and red accents",
      "history": "The Douglas clan produced some of Scotland's greatest warriors, earning the name 'Black Douglases' for their fierce reputation in battle. Sir James Douglas was Robert the Bruce's most trusted lieutenant, earning the nickname 'Good Sir James' from allies and 'Black Douglas' from enemies.",
      "famous_members": [
        "Sir James Douglas 'The Good'",
        "Archibald Douglas, 3rd Earl",
        "Sir William Douglas"
      ],
      "traditional_recipe": "Douglas Lamb Stew - Slow-cooked lamb with root vegetables and herbs",
      "badge": "Climbing Rose",
      "seat": "Douglas Castle"
    },
    {
      "name": "Cunningham",
      "gaelic_name": "MacCuinneagáin",
      "motto": "Over fork over",
      "territory": "Ayrshire, Renfrewshire",
      "tartan": "Green field with blue and red stripes",
      "history": "The Cunninghams were granted lands in Ayrshire and became powerful in the west of Scotland. The clan was involved in many feuds, particularly with the Montgomeries. They held the hereditary office of Justiciars of Carrick.",
      "famous_members": [
        "Alexander Cunningham, 1st Earl of Glencairn",
        "William Cunningham, 4th Earl",
        "Allan Cunningham, poet"
      ],
      "traditional_recipe": "Ayrshire Bacon and Egg Pie - Traditional savory pie from their heartland",
      "badge": "Shake-fork",
      "seat": "Kilmaurs Castle"
    },
    {
      "name": "Keith",
      "gaelic_name": "Ceiteach",
      "motto": "Veritas vincit (Truth conquers)",
      "territory": "Aberdeenshire, Banffshire",
      "tartan": "Red field with green stripes and white lines",
      "history": "The Keiths held the hereditary office of Great Marischal of Scotland for over 600 years. Based in the northeast, they were powerful nobles who built Dunnottar Castle. The clan played important roles in Scottish military history.",
      "famous_members": [
        "Sir Robert Keith, Great Marischal",
        "George Keith, 10th Earl Marischal",
        "James Keith, Prussian Field Marshal"
      ],
      "traditional_recipe": "Marischal's Beef - Slow-roasted beef with neep and tattie accompaniment",
      "badge": "White Rose",
      "seat": "Dunnottar Castle"
    },
    {
      "name": "Leslie",
      "gaelic_name": "Leaslaigh",
      "motto": "Grip fast",
      "territory": "Aberdeenshire, Fife",
      "tartan": "Blue and green with red and white stripes",
      "history": "The Leslies came to Scotland from Hungary and became prominent in the northeast. They produced skilled military commanders who served across Europe. The clan held lands in both Aberdeenshire and Fife.",
      "famous_members": [
        "Alexander Leslie, 1st Earl of Leven",
        "David Leslie, Lord Newark",
        "John Leslie, Bishop of Ross"
      ],
      "traditional_recipe": "Leslie's Shortbread - Rich buttery shortbread, a family tradition",
      "badge": "Rue",
      "seat": "Leslie Castle"
    },
    {
      "name": "Hay",
      "gaelic_name": "Mac Garaidh",
      "motto": "Serva jugum (Keep the yoke)",
      "territory": "Aberdeenshire, Perthshire",
      "tartan": "Red field with green and blue checks",
      "history": "The Hays became Earls of Erroll and held the hereditary office of Lord High Constable of Scotland. They were granted lands for their service at the Battle of Luncarty. The family built several notable castles including Delgatie and Slains.",
      "famous_members": [
        "Sir Gilbert Hay, 1st Earl of Erroll",
        "Francis Hay, 9th Earl",
        "George Hay, 8th Marquess"
      ],
      "traditional_recipe": "Erroll's Game Pie - Rich pie filled with venison and game birds",
      "badge": "Mistletoe",
      "seat": "Slains Castle"
    },
    {
      "name": "Menzies",
      "gaelic_name": "Méinnearach",
      "motto": "Vil God I zal (Will God, I shall)",
      "territory": "Perthshire, Atholl",
      "tartan": "Red and white checks with green and blue accents",
      "history": "The Menzies (pronounced Ming-iss) were granted lands in Perthshire and became chiefs of Glen Lyon. They supported Robert the Bruce and were rewarded with extensive territories. The clan castle at Castle Menzies was their seat for centuries.",
      "famous_members": [
        "Sir Robert Menzies of Weem",
        "Archibald Menzies (botanist)",
        "Sir Neil Menzies"
      ],
      "traditional_recipe": "Glen Lyon Trout - Fresh trout from highland streams, simply prepared",
      "badge": "Menzies Heath",
      "seat": "Castle Menzies"
    },
    {
      "name": "Scott",
      "gaelic_name": "Scotach",
      "motto": "Amo (I love)",
      "territory": "Borders, Roxburghshire",
      "tartan": "Red field with green stripes and blue accents",
      "history": "The Scotts were one of the great Border families, controlling much of the Scottish Borders. They were skilled horsemen and warriors, involved in constant Border warfare. The clan produced the famous writer Sir Walter Scott.",
      "famous_members": [
        "Sir Walter Scott",
        "Sir Michael Scott 'The Wizard'",
        "Francis Scott, 2nd Duke of Buccleuch"
      ],
      "traditional_recipe": "Border Shortbread - Rich, crumbly shortbread from the Borders tradition",
      "badge": "Blaeberry",
      "seat": "Bowhill House"
    },
    {
      "name": "Kennedy",
      "gaelic_name": "Mac Ualraig",
      "motto": "Avise la fin (Consider the end)",
      "territory": "Carrick, Ayrshire",
      "tartan": "Blue field with green and red stripes",
      "history": "The Kennedys were chiefs of Carrick in Ayrshire and held the title of Earls of Cassillis. They were a powerful west coast clan with strong political connections. The family name means 'ugly head' in Gaelic, possibly referring to a helmeted warrior.",
      "famous_members": [
        "Gilbert Kennedy, 1st Earl of Cassillis",
        "John Kennedy, 5th Earl",
        "Archibald Kennedy, 1st Marquess of Ailsa"
      ],
      "traditional_recipe": "Carrick Clootie Dumpling - Steamed pudding with dried fruits and spices",
      "badge": "Oak",
      "seat": "Culzean Castle"
    },
    {
      "name": "Robertson",
      "gaelic_name": "Clann Dhòmhnaill",
      "motto": "Virtutis gloria merces (Glory is the reward of valor)",
      "territory": "Perthshire, Atholl",
      "tartan": "Red field with green and blue stripes, hunting version in darker tones",
      "history": "The Robertsons are also known as Clan Donnachaidh, claiming descent from Duncan, friend of Robert the Bruce. Based in Rannoch and Atholl, they were fierce Highland warriors. The clan name Robertson comes from 'Robert's sons', referring to Robert the Bruce.",
      "famous_members": [
        "Alexander Robertson of Struan",
        "Duncan Robertson, 1st of Struan",
        "General Sir William Robertson"
      ],
      "traditional_recipe": "Struan Micheal - Traditional harvest cake blessed on Michaelmas",
      "badge": "Bracken",
      "seat": "Dunalastair"
    },
    {
      "name": "Maclean",
      "gaelic_name": "MacGilleEathain",
      "motto": "Death or Life",
      "territory": "Mull, Tiree, Morvern",
      "tartan": "Blue field with green and black stripes",
      "history": "The Macleans were one of the most powerful clans of the Western Isles, controlling Mull, Tiree, and parts of the mainland. They were fierce warriors known for their loyalty and bravery. The clan motto reflects their warrior spirit and code of honor.",
      "famous_members": [
        "Lachlan Mor Maclean",
        "Sir Fitzroy Maclean",
        "Sorley Maclean, poet"
      ],
      "traditional_recipe": "Isle of Mull Cheddar Tart - Cheese tart using the famous island cheddar",
      "badge": "Crowberry",
      "seat": "Duart Castle"
    },
    {
      "name": "MacPherson",
      "gaelic_name": "Mac a' Phearsain",
      "motto": "Touch not the cat bot a glove",
      "territory": "Badenoch, Inverness-shire",
      "tartan": "Green field with red and blue stripes, white lines",
      "history": "The MacPhersons were the leading clan of Clan Chattan confederation. Based in Badenoch, they were known as fierce warriors and skilled musicians. The clan motto refers to the wildcat, their heraldic symbol, warning not to touch without proper protection.",
      "famous_members": [
        "Cluny MacPherson",
        "James MacPherson (Ossian)",
        "Ewan MacPherson of Cluny"
      ],
      "traditional_recipe": "Badenoch Brose - Oatmeal dish with butter and honey, sometimes with whisky",
      "badge": "Red Whortleberry",
      "seat": "Cluny Castle"
    },
    {
      "name": "Grant",
      "gaelic_name": "Granndach",
      "motto": "Stand fast",
      "territory": "Strathspey, Inverness-shire",
      "tartan": "Red field with green and blue stripes",
      "history": "The Grants settled in Strathspey and became one of the most powerful Highland clans. They were known for their independence and military prowess. The clan expanded their territory through strategic marriages and warfare, eventually controlling much of Strathspey.",
      "famous_members": [
        "Sir Ludovick Grant",
        "James Grant of Grant",
        "Elizabeth Grant of Rothiemurchus"
      ],
      "traditional_recipe": "Strathspey Venison - Roasted venison with juniper berries and herbs",
      "badge": "Scots Pine",
      "seat": "Castle Grant"
    },
    {
      "name": "Sutherland",
      "gaelic_name": "Sùtharlanach",
      "motto": "Sans peur (Without fear)",
      "territory": "Sutherland, Northern Highlands",
      "tartan": "Green field with red and blue stripes, yellow accents",
      "history": "The Sutherlands were one of the most powerful clans in the far north of Scotland. The clan name comes from the Norse 'Sudrland' meaning southern land. They built Dunrobin Castle and controlled vast territories in the Highlands.",
      "famous_members": [
        "William Sutherland, 6th Earl",
        "John Sutherland, 9th Earl",
        "Elizabeth Sutherland, Countess"
      ],
      "traditional_recipe": "Highland Salmon - Fresh salmon prepared with wild herbs from the Highlands",
      "badge": "Cotton Sedge",
      "seat": "Dunrobin Castle"
    },
    {
      "name": "Munro",
      "gaelic_name": "Mac an Rothaich",
      "motto": "Dread God",
      "territory": "Ross-shire, Easter Ross",
      "tartan": "Red field with green and blue stripes",
      "history": "The Munros were chiefs in Easter Ross, claiming descent from Irish settlers. They were staunch Protestants and supporters of the Government. The clan is famous for giving their name to 'Munros' - Scottish mountains over 3,000 feet, named after Sir Hugh Munro who catalogued them.",
      "famous_members": [
        "Sir Hugh Munro (mountaineer)",
        "General Sir Hector Munro",
        "Neil Munro, writer"
      ],
      "traditional_recipe": "Easter Ross Barley Broth - Hearty soup with barley, vegetables and lamb",
      "badge": "Common Club Moss",
      "seat": "Foulis Castle"
    },
    {
      "name": "Urquhart",
      "gaelic_name": "Urchardaich",
      "motto": "Meane weil, speak weil, and doe weil",
      "territory": "Moray, Cromarty",
      "tartan": "Yellow field with red and green stripes",
      "history": "The Urquharts held lands in Moray and later in Cromarty. They were hereditary sheriffs of Cromarty for over 400 years. The clan castle at Urquhart on Loch Ness was one of the largest castles in Scotland before its destruction.",
      "famous_members": [
        "Sir Thomas Urquhart of Cromarty",
        "David Urquhart",
        "Sir John Urquhart"
      ],
      "traditional_recipe": "Cromarty Firth Fish Pie - Traditional fish pie from their coastal territories",
      "badge": "Wallflower",
      "seat": "Castle Craig"
    },
    {
      "name": "MacNeil",
      "gaelic_name": "MacNèill",
      "motto": "Vincere vel mori (To conquer or die)",
      "territory": "Barra, Outer Hebrides",
      "tartan": "Yellow field with black stripes and red accents",
      "history": "The MacNeils were sea-lords of Barra in the Outer Hebrides, claiming descent from Niall of the Nine Hostages, High King of Ireland. They were known for their seamanship and independence, often acting as pirates and raiders from their island stronghold.",
      "famous_members": [
        "Gilleobraid MacNeil",
        "Ruari MacNeil",
        "Robert Lister MacNeil"
      ],
      "traditional_recipe": "Barra Bannocks - Island oatcakes perfect with fresh fish",
      "badge": "Dryas",
      "seat": "Kisimul Castle"
    }
  ]
}