{
  "legends": [
    {
      "title": "The Brahan Seer",
      "gaelic_name": "Coinneach Odhar",
      "category": "Prophet",
      "location": "Ross-shire, Highlands",
      "time_period": "17th Century",
      "story": "Coinneach Odhar Fiosaiche, known as the Brahan Seer, was a legendary Highland prophet whose predictions have fascinated Scotland for centuries. Born on the Isle of Lewis, he possessed second sight through a magical stone given to his mother by a fairy. His prophecies covered everything from local clan fortunes to the coming of railways and the end of Highland culture. His most famous prediction concerned the downfall of the Seaforth MacKenzies, which came true when the last Earl died in 1815, fulfilling the exact conditions the Seer had foretold 150 years earlier. The Seer met his death when he offended Isabella, Countess of Seaforth, by revealing her husband's infidelity in his visions.",
      "prophecies": [
        "The coming of railways to the Highlands",
        "The end of the Seaforth MacKenzies",
        "The draining of Loch Ness",
        "Ships sailing behind Tomnahurich Hill (Caledonian Canal)"
      ],
      "historical_significance": "The Brahan Seer represents the Highland tradition of second sight and prophecy, bridging ancient Celtic mysticism with recorded history."
    },
    {
      "title": "Rob Roy MacGregor",
      "gaelic_name": "Raibeart Ruadh MacGriogair",
      "category": "Folk Hero",
      "location": "Trossachs, Stirlingshire",
      "time_period": "1671-1734",
      "story": "Rob Roy MacGregor was a legendary Highland outlaw whose exploits made him a folk hero throughout Scotland. Born into Clan MacGregor when the name was proscribed by law, he became a cattle trader and drover. When his business partner absconded with borrowed money, Rob Roy was declared bankrupt and became an outlaw. From his base in the Trossachs, he conducted a guerrilla war against his enemies, particularly the Duke of Montrose. Known for his skill with the sword and his sense of honor, Rob Roy became a symbol of Highland resistance against Lowland authority. His story inspired Sir Walter Scott's novel and established him as Scotland's Robin Hood.",
      "famous_exploits": [
        "Escaping from Stirling Castle",
        "The duel at the Clachan of Aberfoyle",
        "Rescuing his son from Glasgow Tolbooth",
        "His final years as a peaceful farmer"
      ],
      "clan_connection": "MacGregor",
      "historical_significance": "Rob Roy embodied Highland values of loyalty, honor, and resistance to authority, becoming a symbol of Scottish independence."
    },
    {
      "title": "William Wallace",
      "gaelic_name": "Uilleam Uallas",
      "category": "National Hero",
      "location": "Throughout Scotland",
      "time_period": "1270-1305",
      "story": "Sir William Wallace was a Scottish knight who became a leader during the Wars of Scottish Independence. Born into a minor noble family, Wallace rose to prominence after Edward I of England claimed overlordship of Scotland. When Wallace's father was killed by English forces, he began a campaign of resistance that culminated in the stunning victory at Stirling Bridge in 1297. Despite lacking formal military training, Wallace's tactical genius and inspiring leadership united Scottish forces against overwhelming odds. His defeat at Falkirk in 1298 led to years of guerrilla warfare until his capture in 1305. His execution in London made him a martyr and eternal symbol of Scottish freedom.",
      "famous_battles": [
        "Battle of Stirling Bridge (1297) - Major victory",
        "Battle of Falkirk (1298) - Defeat but strategic withdrawal",
        "Guerrilla campaigns in the Borders",
        "Raids into Northern England"
      ],
      "clan_connection": "Wallace",
      "historical_significance": "Wallace's sacrifice for Scottish independence inspired generations and established the ideal of freedom that defines Scottish national identity."
    },
    {
      "title": "Robert the Bruce",
      "gaelic_name": "Raibeart a Briuis",
      "category": "King and Hero",
      "location": "Throughout Scotland",
      "time_period": "1274-1329",
      "story": "Robert the Bruce, King of Scots, is Scotland's greatest hero-king who secured the nation's independence through two decades of warfare. Born into the powerful Bruce family with claims to the Scottish throne, he initially fought for Edward I before switching sides to lead the Scottish cause. After his coronation in 1306, Bruce endured years of defeats and exile, hiding in caves and learning guerrilla tactics. The famous legend tells how watching a spider's persistence in spinning its web inspired him to continue fighting. His greatest triumph came at Bannockburn in 1314, where his tactical brilliance defeated a much larger English army. Bruce's reign established Scotland as an independent nation and his legacy as the ideal warrior-king endures.",
      "famous_battles": [
        "Battle of Bannockburn (1314) - Decisive victory",
        "Siege of Stirling Castle",
        "Campaigns in Ireland with brother Edward",
        "The Harrying of Buchan"
      ],
      "clan_connection": "Bruce",
      "historical_significance": "Robert the Bruce secured Scottish independence and established the ideal of kingship through personal courage and military genius."
    },
    {
      "title": "Bonnie Prince Charlie",
      "gaelic_name": "Teàrlach Òg Stiùbhart",
      "category": "Jacobite Prince",
      "location": "Highlands and Islands",
      "time_period": "1720-1788",
      "story": "Prince Charles Edward Stuart, known as Bonnie Prince Charlie, was the last serious claimant to the British throne and leader of the final Jacobite uprising. Born in Rome to the exiled Stuart court, Charlie was raised believing he was the rightful heir to the thrones of Scotland, England, and Ireland. In 1745, at age 25, he landed in Scotland with just seven companions to begin his campaign. His charisma and determination won over Highland clans, and his army marched as far south as Derby before retreating. The campaign ended in catastrophe at Culloden in 1746, but Charlie's five-month escape through the Highlands, aided by loyal Scots including Flora MacDonald, became the stuff of legend. Though he lived another 42 years in exile, Charlie remained forever the romantic prince of Scottish imagination.",
      "famous_events": [
        "Landing at Eriskay (1745)",
        "Raising his standard at Glenfinnan",
        "Victory at Prestonpans",
        "Defeat at Culloden",
        "Escape to Skye with Flora MacDonald"
      ],
      "clan_connection": "Stewart",
      "historical_significance": "Bonnie Prince Charlie represents the romantic ideal of the Stuart cause and Highland loyalty, inspiring centuries of Scottish literature and song."
    },
    {
      "title": "The Stone of Destiny",
      "gaelic_name": "Lia Fàil",
      "category": "Sacred Relic",
      "location": "Scone Palace, Perthshire",
      "time_period": "Ancient times to present",
      "story": "The Stone of Destiny, also known as the Stone of Scone, is Scotland's most sacred relic and symbol of kingship. Legend says the stone was brought to Scotland by Scota, daughter of an Egyptian pharaoh, though it likely originated in Scotland itself. For centuries, Scottish kings were crowned while sitting on this sandstone block at Scone Palace, near Perth. The stone was said to roar with approval when the rightful king was crowned. In 1296, Edward I of England seized the stone and took it to Westminster Abbey, where it remained for 700 years under the Coronation Chair. The stone's absence was seen as a wound to Scottish sovereignty. In 1950, four Scottish students famously stole it from Westminster Abbey on Christmas Day, though it was recovered months later. The stone was finally returned to Scotland in 1996, where it now rests in Edinburgh Castle, though it returns to Westminster for British coronations.",
      "legends": [
        "The stone's supernatural roar of approval",
        "Its journey from Ireland via Scota",
        "Prophecy that Scots would rule wherever the stone rested",
        "The 1950 student heist from Westminster Abbey"
      ],
      "clan_connection": "All Scottish clans",
      "historical_significance": "The Stone of Destiny embodies Scottish sovereignty and the ancient right of Scots to choose their own kings."
    },
    {
      "title": "The Beast of Loch Ness",
      "gaelic_name": "Niseag",
      "category": "Mythical Creature",
      "location": "Loch Ness, Inverness-shire",
      "time_period": "Ancient times to present",
      "story": "The Loch Ness Monster, affectionately known as Nessie, is Scotland's most famous legendary creature. The earliest account dates to Saint Columba in 565 AD, who allegedly calmed a 'water beast' in the River Ness. The modern legend began in 1933 when a couple claimed to see a large creature crossing the road near the loch. Since then, thousands of sightings have been reported, with photographs, sonar contacts, and underwater expeditions attempting to prove the creature's existence. Described as a long-necked, humped creature resembling a plesiosaur, Nessie has become a global phenomenon. While scientists remain skeptical, the legend continues to attract visitors from around the world to the mysterious 23-mile-long loch. Local Highland tradition speaks of water horses (each-uisge) and water bulls that inhabited lochs, suggesting ancient Celtic origins for the legend.",
      "famous_sightings": [
        "Saint Columba's encounter (565 AD)",
        "The Surgeon's Photograph (1934)",
        "The Dinsdale Film (1960)",
        "Modern sonar detections"
      ],
      "clan_connection": "Grant, Fraser (local clans)",
      "historical_significance": "Nessie represents the enduring power of Celtic mythology and Scotland's mysterious Highland landscape."
    },
    {
      "title": "The Grey Man of Ben MacDhui",
      "gaelic_name": "Am Fear Liath Mòr",
      "category": "Mountain Spirit",
      "location": "Ben MacDhui, Cairngorms",
      "time_period": "Ancient times to present",
      "story": "The Grey Man of Ben MacDhui is a mysterious presence said to haunt Scotland's second-highest mountain. Known in Gaelic as Am Fear Liath Mòr (The Big Grey Man), this entity has terrified climbers for over a century. Witnesses describe an overwhelming sense of dread, the sound of footsteps crunching in snow behind them, and occasionally glimpses of a tall, grey figure. The most famous account came from Professor Norman Collie in 1925, who described fleeing in terror from something following him down the mountain. Other climbers have reported similar experiences - sudden panic, the feeling of being watched, and an irresistible urge to flee. Some theories suggest the phenomenon is caused by Brocken spectre (shadow effects in mist) or infrasound from wind, but believers maintain the Grey Man is a guardian spirit of the mountain, perhaps related to ancient Celtic beliefs about mountain deities.",
      "famous_encounters": [
        "Professor Norman Collie's experience (1925)",
        "Wenzel Lorm's sighting (1904)",
        "Modern climber accounts",
        "Photographic evidence attempts"
      ],
      "clan_connection": "Gordon, Grant (Cairngorms region)",
      "historical_significance": "The Grey Man represents Highland beliefs about the spiritual power of mountains and the thin boundary between the natural and supernatural worlds."
    }
  ]
}