[
  {
    "id": "armstrong",
    "name": "Clan Armstrong",
    "gaelicName": "",
    "motto": "",
    "territories": "",
    "historicSeats": "",
    "emblemImage": "${IMAGE_BASE_URL}emblems/armstrong-emblem.jpg",
    "tartanImage": "${IMAGE_BASE_URL}tartans/armstrong-tartan.jpg",
    "monumentImage": "",
    "lore": "",
    "recipe": null
  },
  {
    "id": "campbell",
    "name": "Clan Campbell",
    "gaelicName": "",
    "motto": "",
    "territories": "",
    "historicSeats": "",
    "emblemImage": "${IMAGE_BASE_URL}emblems/campbell-emblem.jpg",
    "tartanImage": "${IMAGE_BASE_URL}tartans/campbell-tartan.jpg",
    "monumentImage": "",
    "lore": "",
    "recipe": null
  },
  {
    "id": "macdonald",
    "name": "Clan MacDonald",
    "gaelicName": "",
    "motto": "",
    "territories": "",
    "historicSeats": "",
    "emblemImage": "${IMAGE_BASE_URL}emblems/macdonald-emblem.jpg",
    "tartanImage": "${IMAGE_BASE_URL}tartans/macdonald-tartan.jpg",
    "monumentImage": "",
    "lore": "",
    "recipe": null
  },
  {
    "id": "macgregor",
    "name": "Clan MacGregor",
    "gaelicName": "",
    "motto": "",
    "territories": "",
    "historicSeats": "",
    "emblemImage": "${IMAGE_BASE_URL}emblems/macgregor-emblem.jpg",
    "tartanImage": "${IMAGE_BASE_URL}tartans/macgregor-tartan.jpg",
    "monumentImage": "",
    "lore": "",
    "recipe": null
  },
  {
    "id": "mackenzie",
    "name": "Clan MacKenzie",
    "gaelicName": "",
    "motto": "",
    "territories": "",
    "historicSeats": "",
    "emblemImage": "${IMAGE_BASE_URL}emblems/mackenzie-emblem.jpg",
    "tartanImage": "${IMAGE_BASE_URL}tartans/mackenzie-tartan.jpg",
    "monumentImage": "",
    "lore": "",
    "recipe": null
  },
  {
    "id": "macleod",
    "name": "Clan MacLeod",
    "gaelicName": "",
    "motto": "",
    "territories": "",
    "historicSeats": "",
    "emblemImage": "${IMAGE_BASE_URL}emblems/macleod-emblem.jpg",
    "tartanImage": "${IMAGE_BASE_URL}tartans/macleod-tartan.jpg",
    "monumentImage": "",
    "lore": "",
    "recipe": null
  },
  {
    "id": "mackay",
    "name": "Clan MacKay",
    "gaelicName": "",
    "motto": "",
    "territories": "",
    "historicSeats": "",
    "emblemImage": "${IMAGE_BASE_URL}emblems/mackay-emblem.jpg",
    "tartanImage": "${IMAGE_BASE_URL}tartans/mackay-tartan.jpg",
    "monumentImage": "",
    "lore": "",
    "recipe": null
  },
  {
    "id": "gunn",
    "name": "Clan Gunn",
    "gaelicName": "",
    "motto": "",
    "territories": "",
    "historicSeats": "",
    "emblemImage": "${IMAGE_BASE_URL}emblems/gunn-emblem.jpg",
    "tartanImage": "${IMAGE_BASE_URL}tartans/gunn-tartan.jpg",
    "monumentImage": "",
    "lore": "",
    "recipe": null
  },
  {
    "id": "cameron",
    "name": "Clan Cameron",
    "gaelicName": "",
    "motto": "",
    "territories": "",
    "historicSeats": "",
    "emblemImage": "${IMAGE_BASE_URL}emblems/cameron-emblem.jpg",
    "tartanImage": "${IMAGE_BASE_URL}tartans/cameron-tartan.jpg",
    "monumentImage": "",
    "lore": "",
    "recipe": null
  },
  {
    "id": "fraser",
    "name": "Clan Fraser",
    "gaelicName": "",
    "motto": "",
    "territories": "",
    "historicSeats": "",
    "emblemImage": "${IMAGE_BASE_URL}emblems/fraser-emblem.jpg",
    "tartanImage": "${IMAGE_BASE_URL}tartans/fraser-tartan.jpg",
    "monumentImage": "",
    "lore": "",
    "recipe": null
  },
  {
    "id": "maclean",
    "name": "Clan MacLean",
    "gaelicName": "",
    "motto": "",
    "territories": "",
    "historicSeats": "",
    "emblemImage": "${IMAGE_BASE_URL}emblems/maclean-emblem.jpg",
    "tartanImage": "${IMAGE_BASE_URL}tartans/maclean-tartan.jpg",
    "monumentImage": "",
    "lore": "",
    "recipe": null
  },
  {
    "id": "macintosh",
    "name": "Clan MacIntosh",
    "gaelicName": "",
    "motto": "",
    "territories": "",
    "historicSeats": "",
    "emblemImage": "${IMAGE_BASE_URL}emblems/macintosh-emblem.jpg",
    "tartanImage": "${IMAGE_BASE_URL}tartans/macintosh-tartan.jpg",
    "monumentImage": "",
    "lore": "",
    "recipe": null
  },
  {
    "id": "chisholm",
    "name": "Clan Chisholm",
    "gaelicName": "",
    "motto": "",
    "territories": "",
    "historicSeats": "",
    "emblemImage": "${IMAGE_BASE_URL}emblems/chisholm-emblem.jpg",
    "tartanImage": "${IMAGE_BASE_URL}tartans/chisholm-tartan.jpg",
    "monumentImage": "",
    "lore": "",
    "recipe": null
  },
  {
    "id": "macrae",
    "name": "Clan MacRae",
    "gaelicName": "",
    "motto": "",
    "territories": "",
    "historicSeats": "",
    "emblemImage": "${IMAGE_BASE_URL}emblems/macrae-emblem.jpg",
    "tartanImage": "${IMAGE_BASE_URL}tartans/macrae-tartan.jpg",
    "monumentImage": "",
    "lore": "",
    "recipe": null
  },
  {
    "id": "macnab",
    "name": "Clan MacNab",
    "gaelicName": "",
    "motto": "",
    "territories": "",
    "historicSeats": "",
    "emblemImage": "${IMAGE_BASE_URL}emblems/macnab-emblem.jpg",
    "tartanImage": "${IMAGE_BASE_URL}tartans/macnab-tartan.jpg",
    "monumentImage": "",
    "lore": "",
    "recipe": null
  },
  {
    "id": "macewen",
    "name": "Clan MacEwen",
    "gaelicName": "",
    "motto": "",
    "territories": "",
    "historicSeats": "",
    "emblemImage": "${IMAGE_BASE_URL}emblems/macewen-emblem.jpg",
    "tartanImage": "${IMAGE_BASE_URL}tartans/macewen-tartan.jpg",
    "monumentImage": "",
    "lore": "",
    "recipe": null
  },
  {
    "id": "macdougall",
    "name": "Clan MacDougall",
    "gaelicName": "",
    "motto": "",
    "territories": "",
    "historicSeats": "",
    "emblemImage": "${IMAGE_BASE_URL}emblems/macdougall-emblem.jpg",
    "tartanImage": "${IMAGE_BASE_URL}tartans/macdougall-tartan.jpg",
    "monumentImage": "",
    "lore": "",
    "recipe": null
  },
  {
    "id": "maclaren",
    "name": "Clan MacLaren",
    "gaelicName": "",
    "motto": "",
    "territories": "",
    "historicSeats": "",
    "emblemImage": "${IMAGE_BASE_URL}emblems/maclaren-emblem.jpg",
    "tartanImage": "${IMAGE_BASE_URL}tartans/maclaren-tartan.jpg",
    "monumentImage": "",
    "lore": "",
    "recipe": null
  },
  {
    "id": "macquarrie",
    "name": "Clan MacQuarrie",
    "gaelicName": "",
    "motto": "",
    "territories": "",
    "historicSeats": "",
    "emblemImage": "${IMAGE_BASE_URL}emblems/macquarrie-emblem.jpg",
    "tartanImage": "${IMAGE_BASE_URL}tartans/macquarrie-tartan.jpg",
    "monumentImage": "",
    "lore": "",
    "recipe": null
  },
  {
    "id": "macpherson",
    "name": "Clan MacPherson",
    "gaelicName": "",
    "motto": "",
    "territories": "",
    "historicSeats": "",
    "emblemImage": "${IMAGE_BASE_URL}emblems/macpherson-emblem.jpg",
    "tartanImage": "${IMAGE_BASE_URL}tartans/macpherson-tartan.jpg",
    "monumentImage": "",
    "lore": "",
    "recipe": null
  },
  {
    "id": "macmillan",
    "name": "Clan MacMillan",
    "gaelicName": "",
    "motto": "",
    "territories": "",
    "historicSeats": "",
    "emblemImage": "${IMAGE_BASE_URL}emblems/macmillan-emblem.jpg",
    "tartanImage": "${IMAGE_BASE_URL}tartans/macmillan-tartan.jpg",
    "monumentImage": "",
    "lore": "",
    "recipe": null
  },
  {
    "id": "macduff",
    "name": "Clan MacDuff",
    "gaelicName": "",
    "motto": "",
    "territories": "",
    "historicSeats": "",
    "emblemImage": "${IMAGE_BASE_URL}emblems/macduff-emblem.jpg",
    "tartanImage": "${IMAGE_BASE_URL}tartans/macduff-tartan.jpg",
    "monumentImage": "",
    "lore": "",
    "recipe": null
  },
  {
    "id": "macaulay",
    "name": "Clan MacAulay",
    "gaelicName": "",
    "motto": "",
    "territories": "",
    "historicSeats": "",
    "emblemImage": "${IMAGE_BASE_URL}emblems/macaulay-emblem.jpg",
    "tartanImage": "${IMAGE_BASE_URL}tartans/macaulay-tartan.jpg",
    "monumentImage": "",
    "lore": "",
    "recipe": null
  },
  {
    "id": "macfarlane",
    "name": "Clan MacFarlane",
    "gaelicName": "",
    "motto": "",
    "territories": "",
    "historicSeats": "",
    "emblemImage": "${IMAGE_BASE_URL}emblems/macfarlane-emblem.jpg",
    "tartanImage": "${IMAGE_BASE_URL}tartans/macfarlane-tartan.jpg",
    "monumentImage": "",
    "lore": "",
    "recipe": null
  },
  {
    "id": "macintyre",
    "name": "Clan MacIntyre",
    "gaelicName": "",
    "motto": "",
    "territories": "",
    "historicSeats": "",
    "emblemImage": "${IMAGE_BASE_URL}emblems/macintyre-emblem.jpg",
    "tartanImage": "${IMAGE_BASE_URL}tartans/macintyre-tartan.jpg",
    "monumentImage": "",
    "lore": "",
    "recipe": null
  },
  {
    "id": "mackinnon",
    "name": "Clan MacKinnon",
    "gaelicName": "",
    "motto": "",
    "territories": "",
    "historicSeats": "",
    "emblemImage": "${IMAGE_BASE_URL}emblems/mackinnon-emblem.jpg",
    "tartanImage": "${IMAGE_BASE_URL}tartans/mackinnon-tartan.jpg",
    "monumentImage": "",
    "lore": "",
    "recipe": null
  },
  {
    "id": "maclennan",
    "name": "Clan MacLennan",
    "gaelicName": "",
    "motto": "",
    "territories": "",
    "historicSeats": "",
    "emblemImage": "${IMAGE_BASE_URL}emblems/maclennan-emblem.jpg",
    "tartanImage": "${IMAGE_BASE_URL}tartans/maclennan-tartan.jpg",
    "monumentImage": "",
    "lore": "",
    "recipe": null
  },
  {
    "id": "livingstone",
    "name": "Clan Livingstone",
    "gaelicName": "",
    "motto": "",
    "territories": "",
    "historicSeats": "",
    "emblemImage": "${IMAGE_BASE_URL}emblems/livingstone-emblem.jpg",
    "tartanImage": "${IMAGE_BASE_URL}tartans/livingstone-tartan.jpg",
    "monumentImage": "",
    "lore": "",
    "recipe": null
  },
  {
    "id": "macneil",
    "name": "Clan MacNeil",
    "gaelicName": "",
    "motto": "",
    "territories": "",
    "historicSeats": "",
    "emblemImage": "${IMAGE_BASE_URL}emblems/macneil-emblem.jpg",
    "tartanImage": "${IMAGE_BASE_URL}tartans/macneil-tartan.jpg",
    "monumentImage": "",
    "lore": "",
    "recipe": null
  },
  {
    "id": "macnaughton",
    "name": "Clan MacNaughton",
    "gaelicName": "",
    "motto": "",
    "territories": "",
    "historicSeats": "",
    "emblemImage": "${IMAGE_BASE_URL}emblems/macnaughton-emblem.jpg",
    "tartanImage": "${IMAGE_BASE_URL}tartans/macnaughton-tartan.jpg",
    "monumentImage": "",
    "lore": "",
    "recipe": null
  },
  {
    "id": "buchanan",
    "name": "Clan Buchanan",
    "gaelicName": "",
    "motto": "",
    "territories": "",
    "historicSeats": "",
    "emblemImage": "${IMAGE_BASE_URL}emblems/buchanan-emblem.jpg",
    "tartanImage": "${IMAGE_BASE_URL}tartans/buchanan-tartan.jpg",
    "monumentImage": "",
    "lore": "",
    "recipe": null
  },
  {
    "id": "gordon",
    "name": "Clan Gordon",
    "gaelicName": "",
    "motto": "",
    "territories": "",
    "historicSeats": "",
    "emblemImage": "${IMAGE_BASE_URL}emblems/gordon-emblem.jpg",
    "tartanImage": "${IMAGE_BASE_URL}tartans/gordon-tartan.jpg",
    "monumentImage": "",
    "lore": "",
    "recipe": null
  },
  {
    "id": "sinclair",
    "name": "Clan Sinclair",
    "gaelicName": "",
    "motto": "",
    "territories": "",
    "historicSeats": "",
    "emblemImage": "${IMAGE_BASE_URL}emblems/sinclair-emblem.jpg",
    "tartanImage": "${IMAGE_BASE_URL}tartans/sinclair-tartan.jpg",
    "monumentImage": "",
    "lore": "",
    "recipe": null
  },
  {
    "id": "sutherland",
    "name": "Clan Sutherland",
    "gaelicName": "",
    "motto": "",
    "territories": "",
    "historicSeats": "",
    "emblemImage": "${IMAGE_BASE_URL}emblems/sutherland-emblem.jpg",
    "tartanImage": "${IMAGE_BASE_URL}tartans/sutherland-tartan.jpg",
    "monumentImage": "",
    "lore": "",
    "recipe": null
  },
  {
    "id": "douglas",
    "name": "Clan Douglas",
    "gaelicName": "",
    "motto": "",
    "territories": "",
    "historicSeats": "",
    "emblemImage": "${IMAGE_BASE_URL}emblems/douglas-emblem.jpg",
    "tartanImage": "${IMAGE_BASE_URL}tartans/douglas-tartan.jpg",
    "monumentImage": "",
    "lore": "",
    "recipe": null
  },
  {
    "id": "stewart",
    "name": "Clan Stewart",
    "gaelicName": "",
    "motto": "",
    "territories": "",
    "historicSeats": "",
    "emblemImage": "${IMAGE_BASE_URL}emblems/stewart-emblem.jpg",
    "tartanImage": "${IMAGE_BASE_URL}tartans/stewart-tartan.jpg",
    "monumentImage": "",
    "lore": "",
    "recipe": null
  },
  {
    "id": "lindsay",
    "name": "Clan Lindsay",
    "gaelicName": "",
    "motto": "",
    "territories": "",
    "historicSeats": "",
    "emblemImage": "${IMAGE_BASE_URL}emblems/lindsay-emblem.jpg",
    "tartanImage": "${IMAGE_BASE_URL}tartans/lindsay-tartan.jpg",
    "monumentImage": "",
    "lore": "",
    "recipe": null
  },
  {
    "id": "menzies",
    "name": "Clan Menzies",
    "gaelicName": "",
    "motto": "",
    "territories": "",
    "historicSeats": "",
    "emblemImage": "${IMAGE_BASE_URL}emblems/menzies-emblem.jpg",
    "tartanImage": "${IMAGE_BASE_URL}tartans/menzies-tartan.jpg",
    "monumentImage": "",
    "lore": "",
    "recipe": null
  },
  {
    "id": "keith",
    "name": "Clan Keith",
    "gaelicName": "",
    "motto": "",
    "territories": "",
    "historicSeats": "",
    "emblemImage": "${IMAGE_BASE_URL}emblems/keith-emblem.jpg",
    "tartanImage": "${IMAGE_BASE_URL}tartans/keith-tartan.jpg",
    "monumentImage": "",
    "lore": "",
    "recipe": null
  },
  {
    "id": "forbes",
    "name": "Clan Forbes",
    "gaelicName": "",
    "motto": "",
    "territories": "",
    "historicSeats": "",
    "emblemImage": "${IMAGE_BASE_URL}emblems/forbes-emblem.jpg",
    "tartanImage": "${IMAGE_BASE_URL}tartans/forbes-tartan.jpg",
    "monumentImage": "",
    "lore": "",
    "recipe": null
  },
  {
    "id": "murray",
    "name": "Clan Murray",
    "gaelicName": "",
    "motto": "",
    "territories": "",
    "historicSeats": "",
    "emblemImage": "${IMAGE_BASE_URL}emblems/murray-emblem.jpg",
    "tartanImage": "${IMAGE_BASE_URL}tartans/murray-tartan.jpg",
    "monumentImage": "",
    "lore": "",
    "recipe": null
  },
  {
    "id": "grant",
    "name": "Clan Grant",
    "gaelicName": "",
    "motto": "",
    "territories": "",
    "historicSeats": "",
    "emblemImage": "${IMAGE_BASE_URL}emblems/grant-emblem.jpg",
    "tartanImage": "${IMAGE_BASE_URL}tartans/grant-tartan.jpg",
    "monumentImage": "",
    "lore": "",
    "recipe": null
  },
  {
    "id": "kerr",
    "name": "Clan Kerr",
    "gaelicName": "",
    "motto": "",
    "territories": "",
    "historicSeats": "",
    "emblemImage": "${IMAGE_BASE_URL}emblems/kerr-emblem.jpg",
    "tartanImage": "${IMAGE_BASE_URL}tartans/kerr-tartan.jpg",
    "monumentImage": "",
    "lore": "",
    "recipe": null
  },
  {
    "id": "hamilton",
    "name": "Clan Hamilton",
    "gaelicName": "",
    "motto": "",
    "territories": "",
    "historicSeats": "",
    "emblemImage": "${IMAGE_BASE_URL}emblems/hamilton-emblem.jpg",
    "tartanImage": "${IMAGE_BASE_URL}tartans/hamilton-tartan.jpg",
    "monumentImage": "",
    "lore": "",
    "recipe": null
  },
  {
    "id": "macarthur",
    "name": "Clan MacArthur",
    "gaelicName": "",
    "motto": "",
    "territories": "",
    "historicSeats": "",
    "emblemImage": "${IMAGE_BASE_URL}emblems/macarthur-emblem.jpg",
    "tartanImage": "${IMAGE_BASE_URL}tartans/macarthur-tartan.jpg",
    "monumentImage": "",
    "lore": "",
    "recipe": null
  },
  {
    "id": "colquhoun",
    "name": "Clan Colquhoun",
    "gaelicName": "",
    "motto": "",
    "territories": "",
    "historicSeats": "",
    "emblemImage": "${IMAGE_BASE_URL}emblems/colquhoun-emblem.jpg",
    "tartanImage": "${IMAGE_BASE_URL}tartans/colquhoun-tartan.jpg",
    "monumentImage": "",
    "lore": "",
    "recipe": null
  },
  {
    "id": "drummond",
    "name": "Clan Drummond",
    "gaelicName": "",
    "motto": "",
    "territories": "",
    "historicSeats": "",
    "emblemImage": "${IMAGE_BASE_URL}emblems/drummond-emblem.jpg",
    "tartanImage": "${IMAGE_BASE_URL}tartans/drummond-tartan.jpg",
    "monumentImage": "",
    "lore": "",
    "recipe": null
  },
  {
    "id": "kennedy",
    "name": "Clan Kennedy",
    "gaelicName": "",
    "motto": "",
    "territories": "",
    "historicSeats": "",
    "emblemImage": "${IMAGE_BASE_URL}emblems/kennedy-emblem.jpg",
    "tartanImage": "${IMAGE_BASE_URL}tartans/kennedy-tartan.jpg",
    "monumentImage": "",
    "lore": "",
    "recipe": null
  },
  {
    "id": "bruce",
    "name": "Clan Bruce",
    "gaelicName": "",
    "motto": "",
    "territories": "",
    "historicSeats": "",
    "emblemImage": "${IMAGE_BASE_URL}emblems/bruce-emblem.jpg",
    "tartanImage": "${IMAGE_BASE_URL}tartans/bruce-tartan.jpg",
    "monumentImage": "",
    "lore": "",
    "recipe": null
  },
  {
    "id": "ross",
    "name": "Clan Ross",
    "gaelicName": "",
    "motto": "",
    "territories": "",
    "historicSeats": "",
    "emblemImage": "${IMAGE_BASE_URL}emblems/ross-emblem.jpg",
    "tartanImage": "${IMAGE_BASE_URL}tartans/ross-tartan.jpg",
    "monumentImage": "",
    "lore": "",
    "recipe": null
  },
  {
    "id": "urquhart",
    "name": "Clan Urquhart",
    "gaelicName": "",
    "motto": "",
    "territories": "",
    "historicSeats": "",
    "emblemImage": "${IMAGE_BASE_URL}emblems/urquhart-emblem.jpg",
    "tartanImage": "${IMAGE_BASE_URL}tartans/urquhart-tartan.jpg",
    "monumentImage": "",
    "lore": "",
    "recipe": null
  },
  {
    "id": "robertson",
    "name": "Clan Robertson",
    "gaelicName": "",
    "motto": "",
    "territories": "",
    "historicSeats": "",
    "emblemImage": "${IMAGE_BASE_URL}emblems/robertson-emblem.jpg",
    "tartanImage": "${IMAGE_BASE_URL}tartans/robertson-tartan.jpg",
    "monumentImage": "",
    "lore": "",
    "recipe": null
  },
  {
    "id": "farquharson",
    "name": "Clan Farquharson",
    "gaelicName": "",
    "motto": "",
    "territories": "",
    "historicSeats": "",
    "emblemImage": "${IMAGE_BASE_URL}emblems/farquharson-emblem.jpg",
    "tartanImage": "${IMAGE_BASE_URL}tartans/farquharson-tartan.jpg",
    "monumentImage": "",
    "lore": "",
    "recipe": null
  },
  {
    "id": "munro",
    "name": "Clan Munro",
    "gaelicName": "",
    "motto": "",
    "territories": "",
    "historicSeats": "",
    "emblemImage": "${IMAGE_BASE_URL}emblems/munro-emblem.jpg",
    "tartanImage": "${IMAGE_BASE_URL}tartans/munro-tartan.jpg",
    "monumentImage": "",
    "lore": "",
    "recipe": null
  },
  {
    "id": "ogilvy",
    "name": "Clan Ogilvy",
    "gaelicName": "",
    "motto": "",
    "territories": "",
    "historicSeats": "",
    "emblemImage": "${IMAGE_BASE_URL}emblems/ogilvy-emblem.jpg",
    "tartanImage": "${IMAGE_BASE_URL}tartans/ogilvy-tartan.jpg",
    "monumentImage": "",
    "lore": "",
    "recipe": null
  },
  {
    "id": "ramsay",
    "name": "Clan Ramsay",
    "gaelicName": "",
    "motto": "",
    "territories": "",
    "historicSeats": "",
    "emblemImage": "${IMAGE_BASE_URL}emblems/ramsay-emblem.jpg",
    "tartanImage": "${IMAGE_BASE_URL}tartans/ramsay-tartan.jpg",
    "monumentImage": "",
    "lore": "",
    "recipe": null
  },
  {
    "id": "ruthven",
    "name": "Clan Ruthven",
    "gaelicName": "",
    "motto": "",
    "territories": "",
    "historicSeats": "",
    "emblemImage": "${IMAGE_BASE_URL}emblems/ruthven-emblem.jpg",
    "tartanImage": "${IMAGE_BASE_URL}tartans/ruthven-tartan.jpg",
    "monumentImage": "",
    "lore": "",
    "recipe": null
  },
  {
    "id": "kincaid",
    "name": "Clan Kincaid",
    "gaelicName": "",
    "motto": "",
    "territories": "",
    "historicSeats": "",
    "emblemImage": "${IMAGE_BASE_URL}emblems/kincaid-emblem.jpg",
    "tartanImage": "${IMAGE_BASE_URL}tartans/kincaid-tartan.jpg",
    "monumentImage": "",
    "lore": "",
    "recipe": null
  },
  {
    "id": "maciver",
    "name": "Clan MacIver",
    "gaelicName": "",
    "motto": "",
    "territories": "",
    "historicSeats": "",
    "emblemImage": "${IMAGE_BASE_URL}emblems/maciver-emblem.jpg",
    "tartanImage": "${IMAGE_BASE_URL}tartans/maciver-tartan.jpg",
    "monumentImage": "",
    "lore": "",
    "recipe": null
  },
  {
    "id": "macaulay(lewis)",
    "name": "Clan MacAulay (Lewis)",
    "gaelicName": "",
    "motto": "",
    "territories": "",
    "historicSeats": "",
    "emblemImage": "${IMAGE_BASE_URL}emblems/macaulay(lewis)-emblem.jpg",
    "tartanImage": "${IMAGE_BASE_URL}tartans/macaulay(lewis)-tartan.jpg",
    "monumentImage": "",
    "lore": "",
    "recipe": null
  },
  {
    "id": "scott",
    "name": "Clan Scott",
    "gaelicName": "",
    "motto": "",
    "territories": "",
    "historicSeats": "",
    "emblemImage": "${IMAGE_BASE_URL}emblems/scott-emblem.jpg",
    "tartanImage": "${IMAGE_BASE_URL}tartans/scott-tartan.jpg",
    "monumentImage": "",
    "lore": "",
    "recipe": null
  },
  {
    "id": "maxwell",
    "name": "Clan Maxwell",
    "gaelicName": "",
    "motto": "",
    "territories": "",
    "historicSeats": "",
    "emblemImage": "${IMAGE_BASE_URL}emblems/maxwell-emblem.jpg",
    "tartanImage": "${IMAGE_BASE_URL}tartans/maxwell-tartan.jpg",
    "monumentImage": "",
    "lore": "",
    "recipe": null
  },
  {
    "id": "elliot",
    "name": "Clan Elliot",
    "gaelicName": "",
    "motto": "",
    "territories": "",
    "historicSeats": "",
    "emblemImage": "${IMAGE_BASE_URL}emblems/elliot-emblem.jpg",
    "tartanImage": "${IMAGE_BASE_URL}tartans/elliot-tartan.jpg",
    "monumentImage": "",
    "lore": "",
    "recipe": null
  },
  {
    "id": "johnstone",
    "name": "Clan Johnstone",
    "gaelicName": "",
    "motto": "",
    "territories": "",
    "historicSeats": "",
    "emblemImage": "${IMAGE_BASE_URL}emblems/johnstone-emblem.jpg",
    "tartanImage": "${IMAGE_BASE_URL}tartans/johnstone-tartan.jpg",
    "monumentImage": "",
    "lore": "",
    "recipe": null
  },
  {
    "id": "home",
    "name": "Clan Home",
    "gaelicName": "",
    "motto": "",
    "territories": "",
    "historicSeats": "",
    "emblemImage": "${IMAGE_BASE_URL}emblems/home-emblem.jpg",
    "tartanImage": "${IMAGE_BASE_URL}tartans/home-tartan.jpg",
    "monumentImage": "",
    "lore": "",
    "recipe": null
  },
  {
    "id": "macdonald-clanranald",
    "name": "Clan MacDonald of Clanranald",
    "gaelicName": "",
    "motto": "",
    "territories": "",
    "historicSeats": "",
    "emblemImage": "${IMAGE_BASE_URL}emblems/macdonald-clanranald-emblem.jpg",
    "tartanImage": "${IMAGE_BASE_URL}tartans/macdonald-clanranald-tartan.jpg",
    "monumentImage": "",
    "lore": "",
    "recipe": null
  },
  {
    "id": "macdonald-sleat",
    "name": "Clan MacDonald of Sleat",
    "gaelicName": "",
    "motto": "",
    "territories": "",
    "historicSeats": "",
    "emblemImage": "${IMAGE_BASE_URL}emblems/macdonald-sleat-emblem.jpg",
    "tartanImage": "${IMAGE_BASE_URL}tartans/macdonald-sleat-tartan.jpg",
    "monumentImage": "",
    "lore": "",
    "recipe": null
  },
  {
    "id": "cumming",
    "name": "Clan Cumming",
    "gaelicName": "",
    "motto": "",
    "territories": "",
    "historicSeats": "",
    "emblemImage": "${IMAGE_BASE_URL}emblems/cumming-emblem.jpg",
    "tartanImage": "${IMAGE_BASE_URL}tartans/cumming-tartan.jpg",
    "monumentImage": "",
    "lore": "",
    "recipe": null
  },
  {
    "id": "maclea",
    "name": "Clan MacLea",
    "gaelicName": "",
    "motto": "",
    "territories": "",
    "historicSeats": "",
    "emblemImage": "${IMAGE_BASE_URL}emblems/maclea-emblem.jpg",
    "tartanImage": "${IMAGE_BASE_URL}tartans/maclea-tartan.jpg",
    "monumentImage": "",
    "lore": "",
    "recipe": null
  }
]